id,first_name,last_name,gender,country_code
1,Aveline,Hevey,Female,GY
2,Rickard,Windrus,Male,US
3,Jarib,Conklin,Male,IN
4,Winthrop,Sindall,Male,GB
5,Davidson,Cloney,Male,PG
6,Aeriel,Godfree,Female,BS
7,Kahaleel,Scheffler,Male,RU
8,Delmer,Marchi,Male,US
9,Horace,Boichat,Genderqueer,PH
10,Clevey,Londing,Male,DK
11,Taddeo,Codrington,Male,CD
12,Malvin,Wooles,Male,NZ
13,Lorelei,Goodrum,Genderfluid,US
14,Silva,Hindrich,Female,HN
15,Crawford,Ciubutaro,Male,CA
16,Shaine,Torricina,Male,LK
17,Peadar,Gatheral,Male,US
18,Claus,Crone,Male,SO
19,Doyle,Phettiplace,Male,IE
20,Josefina,Pichan,Female,AO
21,Bourke,Fernandez,Male,PF
22,Jamal,Peabody,Male,CO
23,Nikolaos,McFarland,Male,PH
24,Elvera,Hunnicutt,Female,BR
25,Holly,Hatzar,Female,ES
26,Gran,Koche,Male,CA
27,Bettina,Siuda,Female,CA
28,Allix,Manass,Female,JP
29,Nerissa,Haddock,Female,LK
30,Frankie,Hodge,Male,AU
31,Gare,Hollerin,Male,RU
32,Lacee,Neubigin,Female,ID
33,Kirsten,Busswell,Female,AR
34,Marsha,Rawsen,Female,BR
35,Shelby,Dillingstone,Male,CR
36,Astra,Bullough,Female,SB
37,Ofella,Ashleigh,Female,AU
38,Farrell,Braime,Male,US
39,Kelvin,Ioselevich,Male,VU
40,Julietta,Gapp,Female,CD
41,Minta,Baggiani,Female,US
42,Maude,Aizik,Female,YE
43,Lindsey,Eaddy,Male,PA
44,Lorita,Sunock,Female,CN
45,Josie,Osan,Female,ID
46,Bernardina,Brandacci,Female,NA
47,Kristofor,Klemencic,Male,FI
48,Oona,Denington,Female,AU
49,Thorn,Guyonneau,Male,RU
50,Feliza,Pollicott,Female,AF
51,Willamina,Rubery,Female,PK
52,Elfie,Rohlfing,Female,IT
53,Shane,Kilban,Female,BR
54,Eddie,Chedzoy,Female,US
55,Brew,Rudolph,Male,US
56,Karil,Quene,Female,GA
57,Ody,Linfield,Male,IE
58,Nata,Betteson,Female,PG
59,Tallulah,Bromfield,Genderfluid,MH
60,Delmar,Skipsey,Male,PF
61,Dee dee,Fayers,Female,CA
62,Maxwell,Howlett,Male,NL
63,Lind,Sebastian,Genderfluid,GL
64,Adaline,Kelston,Female,UA
65,Allistir,Pietruszewicz,Male,ID
66,Hilliard,Wesson,Male,FI
67,Sorcha,Terese,Female,US
68,Shell,Culligan,Female,NZ
69,Kelly,Moffatt,Non-binary,CN
70,Garv,Pipkin,Male,CA
71,Inglis,Pembry,Male,ZA
72,Emanuel,Graveney,Male,CH
73,Erroll,Amsden,Male,PA
74,Bartholomeus,Frunks,Male,US
75,Shell,Brawley,Female,BR
76,Becca,Orhrt,Bigender,MY
77,Pincus,Tegler,Male,CA
78,Maggy,Kesby,Female,GL
79,Evie,Chavez,Female,MG
80,My,Caldaro,Male,DE
81,Timmie,Bernini,Male,PL
82,Mead,Dunklee,Female,BR
83,Nickie,Dorsett,Female,US
84,Nertie,Krystof,Female,GN
85,Gretchen,Matthew,Female,MV
86,Bone,Kryszkiecicz,Male,US
87,Palm,Itscowicz,Male,CF
88,Delmor,Mustard,Male,PH
89,Ashly,Fallon,Non-binary,US
90,Mag,Crossfield,Female,AO
91,Gaelan,Furbank,Male,IR
92,Rainer,Jakel,Genderqueer,ET
93,Arne,Antoniewski,Male,US
94,Rachele,Sidebotham,Female,TN
95,Theodosia,Arent,Female,US
96,Adore,Persicke,Female,ET
97,Kaia,Kynsillaghe,Bigender,RU
98,Brook,Cornfoot,Male,US
99,Coraline,Wreford,Female,PK
100,Gaynor,Calafato,Female,BR
101,Jasmin,Hackin,Female,MM
102,Milt,Kingstne,Genderqueer,IN
103,Margery,Acome,Female,US
104,Alyssa,Metcalfe,Female,NE
105,Pernell,Thorbon,Male,VE
106,Kendell,Mayoh,Male,CA
107,Dorree,Lettington,Female,CO
108,Goober,Bluett,Polygender,US
109,Lonna,Antonikov,Female,RU
110,Franciskus,Dimitrescu,Male,BR
111,Fara,Yardley,Female,NA
112,Britt,Ludlamme,Male,CA
113,Dell,Ivashnikov,Female,AR
114,Melina,Iiannone,Female,AU
115,Cal,Kassidy,Male,DJ
116,Curt,Knight,Male,PA
117,Beniamino,Stobo,Male,US
118,Damiano,Arnfield,Male,BZ
119,Welch,Kiebes,Male,SB
120,Mabel,Antosik,Female,US
121,Avigdor,Lewsie,Male,AU
122,Mikaela,Mascall,Female,AU
123,Bonni,Larrett,Female,RU
124,Augustin,Klamp,Male,SE
125,Neala,Dudmesh,Female,TW
126,Ronnie,Pocklington,Female,HN
127,Cchaddie,Mettrick,Male,GB
128,Robers,Theobald,Genderqueer,ML
129,Penrod,Shipton,Male,KE
130,Mordecai,Stair,Agender,LR
131,Willard,Edleston,Male,MH
132,Calhoun,Jekel,Male,NI
133,Boote,Burke,Male,LS
134,Perceval,Itzhaki,Non-binary,ZA
135,Sancho,Willerton,Male,PG
136,Andrew,Horsley,Male,US
137,Mycah,Tossell,Male,US
138,Tobe,Stollhofer,Female,IN
139,Langsdon,Ashbrook,Male,US
140,Tiffany,Haney,Female,IE
141,Alina,Turl,Polygender,US
142,Jinny,Jewitt,Female,OM
143,Karyn,Ollander,Female,SA
144,Thorn,Belcher,Male,US
145,Raff,Speeding,Male,US
146,Claresta,Skaif,Female,DE
147,Paulita,Koppe,Female,UA
148,Carolann,Navaro,Female,CA
149,Leilah,MacSherry,Female,US
150,Knox,Felder,Male,US
151,Derrick,Melliard,Male,PG
152,Vinny,Mirando,Male,RU
153,Cheston,Kilbee,Male,CH
154,Tristam,Beynon,Male,US
155,Faythe,Enderby,Female,US
156,Blondelle,Mays,Female,PT
157,Cyb,Yardy,Female,GA
158,Dorise,Holdin,Female,US
159,Todd,Latchmore,Male,MZ
160,Deerdre,Maneylaws,Female,NA
161,Adolpho,Croshaw,Male,CL
162,Odilia,Ives,Female,US
163,Alana,Haydock,Female,PG
164,Raff,Crust,Male,PH
165,Barny,Baumadier,Non-binary,US
166,Lauralee,Quick,Female,JP
167,Adoree,Chattington,Bigender,GB
168,Mendy,Caistor,Agender,CN
169,Kevon,Soane,Male,CN
170,Alessandra,Ranyell,Non-binary,SB
171,Rickie,Roston,Female,TD
172,Eileen,Readshaw,Female,GP
173,Cleo,Seldon,Female,BR
174,Kimmy,Dixsee,Female,CA
175,Blondell,Hanner,Female,AU
176,Stafani,Dafydd,Polygender,VC
177,Moishe,Scougall,Male,CA
178,Craig,Leaman,Male,ET
179,Dierdre,Swinley,Polygender,CN
180,Lew,Amor,Male,US
181,Mufi,Kennard,Female,CO
182,Wallie,Edlyne,Female,MR
183,Hedda,McCritchie,Female,FR
184,Trevar,Salmen,Male,US
185,Abie,Everix,Male,ID
186,Salvatore,Gerold,Male,ZA
187,Melesa,Dudenie,Female,TW
188,Nannie,Cabrara,Female,SE
189,Raddie,Records,Male,FI
190,Maryrose,Bagshawe,Female,LR
191,Luce,Epperson,Male,BD
192,Mile,Goodread,Male,KH
193,Dewey,Masser,Male,US
194,Bald,Cutchie,Male,US
195,Boony,Minithorpe,Male,AR
196,Jemmy,Saunder,Female,CA
197,Marlo,Chadbourne,Female,US
198,Ring,Hrycek,Male,WF
199,Roobbie,Abelevitz,Female,IN
200,Kylen,Byk,Female,DE
201,Lock,Graeme,Male,MH
202,Kristoforo,Addekin,Male,EC
203,Maurizia,Dillimore,Female,SO
204,Casi,Pedersen,Female,FR
205,Dannye,Lomax,Female,IN
206,Barbra,Syphus,Female,UG
207,Ethelda,Purrier,Female,US
208,Wat,Mutter,Male,PG
209,Ulysses,Titley,Male,US
210,Davine,Skowcraft,Female,PA
211,Addy,Sandbatch,Male,US
212,Barrett,Oolahan,Male,PK
213,Rafferty,MacGiffin,Male,GY
214,Tammara,Gavrieli,Agender,US
215,Lanny,Heddan,Female,EG
216,Trenna,Gawthrop,Female,IT
217,Berkeley,Cameron,Male,CO
218,Gleda,Mathouse,Female,BO
219,Patience,Covey,Female,KE
220,Giselbert,Manning,Male,US
221,Dorothee,Dooney,Female,TD
222,Clem,Plewright,Agender,AU
223,Marlane,Menlove,Female,AU
224,Clayborn,Sharkey,Male,LY
225,Timothee,Liddel,Male,PG
226,Cleve,Keely,Agender,KZ
227,Alphonso,Huby,Male,AU
228,Kristoforo,Perrins,Male,AU
229,Jodi,McCrachen,Female,CI
230,Melodie,Quinnell,Female,SR
231,Gerhardine,Sherlock,Female,ET
232,Vivianna,Murkitt,Polygender,FR
233,Betty,Zukerman,Female,CI
234,Hersh,Cough,Male,MX
235,Kele,Fairney,Male,GB
236,Shelia,Haverson,Female,ID
237,Doyle,Delaprelle,Male,TN
238,Walther,Finnan,Male,US
239,Allina,Petrasso,Female,SN
240,Tyrus,Elverston,Male,AU
241,Chet,Clewley,Male,ZM
242,Lukas,Pauling,Male,IN
243,Berkie,Hospital,Male,US
244,Atalanta,Baynton,Female,US
245,Hamnet,Diboll,Male,CA
246,Johann,Bailes,Male,CV
247,Taddeo,Skelcher,Male,TZ
248,Mohandis,Prangle,Male,US
249,Ian,Joppich,Male,IR
250,Mauricio,Eastway,Male,IN
251,Octavius,Birley,Male,RU
252,Ardene,Dun,Female,ID
253,Duff,Raccio,Genderqueer,MZ
254,Winnie,Prestney,Male,HU
255,Crista,Ensley,Female,US
256,Wyndham,Sommerly,Male,IN
257,Daile,Reeday,Female,MG
258,Sher,Titmuss,Female,DE
259,Emogene,Scrivenor,Agender,US
260,Laney,McCafferky,Male,ID
261,Pedro,Kempson,Male,US
262,Bailey,Barwick,Male,US
263,Bran,Ekless,Male,MY
264,Abbie,Whitlam,Female,CL
265,Randolf,Pearce,Male,TH
266,Symon,Ebourne,Male,US
267,Heath,Biaggioli,Female,US
268,Violette,Stut,Female,BR
269,Robby,Haslehurst,Male,US
270,Orly,Boak,Female,IN
271,Eadith,Dilkes,Female,US
272,Feliks,Starking,Male,PG
273,Rolfe,Leidl,Male,US
274,Josephine,Fitzsymon,Female,CA
275,Noami,Prevett,Female,US
276,Sim,Ebbing,Male,AU
277,Michele,Badsey,Female,NO
278,Mar,Jubert,Agender,US
279,Carree,Chitter,Female,US
280,Berty,Mines,Female,TO
281,Sophi,Meth,Female,CL
282,Waverley,Karel,Male,BF
283,Hy,Tie,Male,US
284,Karalynn,Rattenbury,Female,US
285,Kristi,Garford,Female,GA
286,Genvieve,Lillgard,Female,PG
287,Clary,Dockrill,Female,PG
288,Ingamar,Boatwright,Non-binary,CA
289,Bobine,Challen,Female,SG
290,Suzie,Moorfield,Female,CN
291,Tobi,Darnbrook,Female,US
292,Maisie,holmes,Female,CA
293,Bryce,Faraker,Male,AU
294,Cassie,Thonason,Male,US
295,Ursala,Brotherhead,Female,AO
296,Shaylynn,Dainty,Female,CL
297,Ely,Rodgier,Male,CA
298,Romonda,Shillabeer,Female,NP
299,Tina,Dunnet,Genderfluid,CI
300,Ulises,Sextone,Non-binary,ZA
301,Dee dee,Lelievre,Female,DZ
302,Darleen,Aleavy,Female,IN
303,Welbie,Freiberg,Genderqueer,CO
304,Jesselyn,Horwell,Female,US
305,Rainer,Bramich,Male,TR
306,Millicent,Benbough,Female,US
307,Honoria,Lovitt,Female,NZ
308,Bernie,Wiszniewski,Male,VE
309,Jim,While,Male,CN
310,Jeannine,Tatchell,Female,CL
311,Aylmar,Neagle,Male,US
312,Constancy,Wyne,Female,FR
313,Maurie,Snoddy,Male,CN
314,Glen,Goggins,Male,US
315,Elwin,Ferreira,Bigender,SE
316,Derrick,Rainville,Polygender,MX
317,Hana,Galland,Female,AU
318,Adams,Slyvester,Non-binary,IR
319,Polly,Drake,Female,SC
320,Wilie,Bignell,Female,PG
321,Reynard,Vickars,Male,US
322,Seumas,MacVaugh,Male,BY
323,Aron,Mateev,Male,US
324,Balduin,Randles,Male,FJ
325,Richmond,Gottschalk,Male,CO
326,Vyky,Shobrook,Female,TL
327,Hurleigh,Priddy,Male,PG
328,Ogdan,Grimsdith,Male,AU
329,Shantee,Kener,Female,VN
330,Arabel,Anwyl,Female,ID
331,Ashien,Fey,Female,PH
332,Timmi,Carson,Female,AS
333,Jacobo,Scothron,Polygender,PE
334,Chan,Annable,Male,US
335,Anastassia,Hardage,Female,GB
336,Niels,Shelliday,Male,VU
337,Sherlock,Ramsdale,Male,IS
338,Debee,Reiach,Female,US
339,Kelsey,Armell,Genderqueer,MY
340,Hernando,Craighill,Male,BD
341,Ulrich,Luckett,Male,HN
342,Arte,Scarman,Male,GL
343,Smitty,Whitworth,Male,DE
344,Bone,Dinning,Male,CN
345,Vinny,Shane,Male,US
346,Jean,Skim,Male,ID
347,Dudley,Charrette,Male,BF
348,Irina,Hubbocks,Female,BR
349,Hamil,Bednell,Male,US
350,Cammy,Cometto,Female,VI
351,Freeland,Castenda,Male,CN
352,Adore,Piniur,Female,PH
353,Amelina,Shovelbottom,Female,CM
354,Mella,Cardno,Female,US
355,Adan,Readitt,Female,US
356,Early,Skough,Male,PG
357,Mareah,Triplow,Female,US
358,Ev,MacAindreis,Male,PG
359,Bathsheba,Earpe,Female,GR
360,Wilmer,Rosendorf,Male,US
361,Lorant,Hartnedy,Male,GP
362,Albina,Lenechan,Female,MM
363,Mariellen,Veale,Genderfluid,US
364,Ranice,Antognetti,Non-binary,GR
365,Abagael,Sesnane,Female,US
366,Kendricks,Pobjay,Non-binary,US
367,Brenda,Bedford,Non-binary,VN
368,Daune,Sibbs,Female,FM
369,Bernard,Putnam,Male,AU
370,Pearla,Found,Female,TN
371,Barbaraanne,Hare,Female,YE
372,Anna-diane,Graal,Female,US
373,Clay,Whitta,Male,IN
374,Susie,Stutter,Female,PY
375,Braden,Tunny,Genderqueer,PG
376,Daniela,Hern,Female,PK
377,Ferrell,Fellgatt,Male,US
378,Rachel,Pasterfield,Female,SE
379,Atlanta,Laverick,Female,CU
380,Hussein,Frisby,Male,KZ
381,Magdalena,Barry,Bigender,NP
382,Gherardo,Scriven,Male,US
383,Elna,Westphalen,Female,GB
384,Orazio,Resdale,Male,CN
385,Jock,McLukie,Male,AU
386,Pru,Reinhart,Female,PG
387,Ernestine,Missen,Female,BO
388,Gabrielle,Muzzall,Female,US
389,Rena,Glossup,Female,US
390,Josh,Stonary,Male,MA
391,Dido,Arthy,Female,BR
392,Findley,Kearle,Male,CH
393,Oberon,Axleby,Male,NP
394,Lorrie,Stollberger,Female,PR
395,Doralin,Shimmin,Female,PG
396,Corine,Speake,Female,UY
397,Cecily,Olivey,Female,RU
398,Krysta,Trayte,Female,TZ
399,Gaspard,Bairstow,Male,PE
400,Melesa,Leonarde,Female,US
401,Ave,Channing,Male,SE
402,Beret,Shackesby,Female,FR
403,Noel,Libby,Male,NG
404,Emmalyn,Blaszkiewicz,Female,ZA
405,Cullie,Merrell,Male,VU
406,Gilbertine,Huck,Female,PG
407,Delinda,Mithun,Genderfluid,RU
408,Elsy,Cianni,Female,US
409,Mattias,Goodered,Male,AR
410,Nalani,Lindemann,Female,US
411,Melesa,Velte,Female,NO
412,Weider,Geerdts,Male,ZW
413,Guglielmo,Bramham,Male,US
414,Trever,Codrington,Male,NO
415,King,Gofford,Male,US
416,Pierre,Duiguid,Male,US
417,Tadio,Zarb,Male,FJ
418,Delly,Swindles,Female,PH
419,Matteo,Rocca,Male,US
420,Shela,Ludlow,Genderqueer,MG
421,Alverta,Brooking,Genderqueer,US
422,Chanda,Hulkes,Female,MG
423,Homerus,Mulqueen,Male,IR
424,Vonny,Morgue,Female,AU
425,Evita,Vicioso,Female,PH
426,Katine,Rubinovitsch,Female,US
427,Kerry,Durkin,Male,US
428,Wheeler,Giacopini,Male,VE
429,Leticia,Kordovani,Female,PF
430,Sergio,Adderley,Male,US
431,Broddie,Budgeon,Male,CO
432,Odie,Leet,Male,US
433,Harmonie,Crump,Genderfluid,US
434,Sarah,Frackiewicz,Female,US
435,Dallas,Goakes,Male,IS
436,Moishe,Pund,Male,CG
437,Quintina,Bastian,Agender,BS
438,Alva,Westley,Male,PG
439,Mariel,Lampard,Female,NG
440,Kip,Suffield,Genderfluid,PE
441,Inger,Davitashvili,Male,GB
442,Alvy,Baynton,Male,US
443,Elianora,Camies,Female,MP
444,Aileen,Rafferty,Polygender,VI
445,Irena,Jirzik,Female,MX
446,Ariana,Guillart,Female,PG
447,Chanda,Fairpool,Female,CU
448,Wyn,Lemmanbie,Male,RU
449,Hastie,Tagg,Male,AU
450,Hedvige,Waltering,Female,US
451,Nathalia,Askwith,Female,US
452,Alick,Goscar,Male,PH
453,Leonelle,Miskin,Female,CA
454,Shaylah,Neal,Female,US
455,Geoff,Margrie,Male,NG
456,Jessey,Stollmeier,Male,AU
457,Denis,Grangier,Male,US
458,Diannne,Milella,Female,AU
459,Gabriel,Life,Male,RU
460,Wyatt,Thorius,Male,CF
461,Aloise,Dumbleton,Female,VN
462,Corrie,Charlesworth,Male,SO
463,Antonin,Kewley,Male,UG
464,Annmaria,Manilo,Female,NL
465,Mary,Shead,Female,BA
466,Cortney,Karlowicz,Female,ZM
467,Francine,Bernardotte,Female,CA
468,Hunter,Coultass,Male,TO
469,Benjy,Dimitrie,Male,US
470,Debee,Cafferty,Female,CA
471,Rafe,Kermott,Male,CD
472,Gene,Allicock,Female,IR
473,Edgar,Toppin,Male,IR
474,Delaney,Nicolson,Male,AU
475,Emmerich,Scranny,Agender,KE
476,Barney,Steeden,Male,CA
477,Bendix,Pembridge,Male,EG
478,Blayne,Codeman,Male,MM
479,Joshia,Rudsdell,Male,US
480,Teirtza,Mc Menamin,Female,BR
481,Truman,Meacher,Male,HR
482,Arman,Henker,Male,US
483,Ramona,St. Clair,Female,IQ
484,Pat,Di Franceshci,Male,PG
485,Armstrong,Carrivick,Male,EC
486,Leeland,Semper,Male,ZA
487,Hoyt,Edworthy,Male,SE
488,Edy,Cordero,Female,US
489,Fraser,Goldsworthy,Male,MX
490,Johnny,Truett,Male,US
491,Moyra,Martonfi,Female,AF
492,Ofilia,Cooch,Female,CO
493,Ly,Kleinplatz,Male,CA
494,Nil,Strathe,Male,GA
495,Janice,Hagan,Female,CH
496,Lindy,Estoile,Genderfluid,AU
497,Kristyn,Handscombe,Female,US
498,Pepi,Achurch,Female,BS
499,Elijah,Botha,Male,TZ
500,Clovis,Ogelbe,Female,PL
501,Frans,Wozencraft,Polygender,PG
502,Beale,Stavers,Male,US
503,Lynelle,Buttfield,Female,BG
504,Kaylil,McIntosh,Female,TC
505,Sorcha,Jago,Female,RU
506,Cathyleen,Demeza,Female,RE
507,Salaidh,Tubble,Female,US
508,Cory,Aiers,Female,CM
509,Tonia,Coaster,Female,ID
510,Zorina,Spall,Female,US
511,Siward,Tender,Male,TH
512,Sarina,Pitchford,Female,JM
513,Misti,Coit,Genderqueer,NO
514,Dulcy,Brunsen,Female,CO
515,Raimund,Blamphin,Male,VE
516,Arline,Bartoszewicz,Female,RU
517,Helyn,Pretsel,Female,GY
518,Opal,Scogin,Female,US
519,Tuckie,Oels,Male,RW
520,Redd,Tytherton,Male,PG
521,Lenora,Hambridge,Female,US
522,Sibbie,Aucott,Female,CN
523,Kenyon,Carson,Male,SB
524,Farr,Maha,Male,BW
525,Alisa,Gorst,Female,CA
526,Gwen,Manilow,Female,BS
527,Izzy,Boneham,Male,CN
528,Tanney,Burtenshaw,Male,SO
529,Laurence,Filimore,Male,IS
530,Gayelord,Bulleyn,Male,US
531,Pinchas,Pierri,Male,PG
532,Zorah,Fairlamb,Genderfluid,PH
533,Allx,Birth,Female,US
534,Cos,Kalaher,Bigender,BR
535,Edgard,Hidderley,Male,ZA
536,Catha,Hand,Female,CF
537,Roberto,Jacquest,Male,BJ
538,Sarena,Gerg,Female,IL
539,Denny,Rain,Male,US
540,Myrlene,McInally,Female,ID
541,Kristian,Thompson,Male,AU
542,Arch,Scottini,Male,AU
543,Sonya,Masselin,Female,GA
544,Welsh,De Biasio,Male,DE
545,Uriel,MacBarron,Male,MX
546,Hugh,Smissen,Male,AU
547,Jyoti,Theodoris,Polygender,MW
548,Jandy,Andriulis,Female,US
549,Naomi,Bertin,Female,CA
550,Jerrie,di Rocca,Male,MW
551,Maje,Bellefonte,Male,GB
552,Lulita,Dod,Female,MV
553,Hillel,Attkins,Male,JO
554,Renato,Evensden,Male,NP
555,Layla,McAlinion,Female,PL
556,Ilse,Sheilds,Female,AU
557,Derrik,Mattaser,Male,MY
558,Salem,Farfull,Male,US
559,Malinda,Stiller,Female,IR
560,Arel,Soper,Male,ID
561,Langsdon,Eringey,Male,UG
562,Hermine,Whistance,Female,PG
563,Kylynn,Shellibeer,Female,PG
564,Sigmund,MacGowing,Male,ID
565,Jessalin,Durrand,Female,BD
566,Wesley,Godley,Male,MY
567,Bradan,Sweetsur,Male,US
568,Tripp,Bumpus,Male,LS
569,Yank,Khidr,Male,MH
570,Osbourn,Showering,Male,MA
571,Dulcine,Limon,Female,US
572,Bernarr,Amer,Male,TL
573,Gannie,Jorry,Male,IR
574,Frederic,Sunley,Male,KR
575,Rosella,Langthorn,Female,RU
576,Dudley,Formigli,Male,US
577,Brigid,Collishaw,Agender,JP
578,Lutero,Anespie,Male,NO
579,Dick,Cowcha,Male,US
580,Elwira,Cardello,Female,AU
581,Jaymee,Brownstein,Female,NG
582,Opaline,Sacher,Female,IN
583,Derril,Ferriby,Male,BR
584,Trula,Pinke,Female,TR
585,Sisely,Keats,Female,FI
586,Vicky,Dudenie,Female,US
587,Gery,Hovenden,Male,AO
588,Elayne,Beardow,Female,KZ
589,Tristan,Vassar,Male,NO
590,Odie,Sweetsur,Male,UA
591,Maddy,Cage,Male,TH
592,Veda,Powdrell,Genderqueer,GH
593,Hannie,Sleeman,Female,ID
594,Jinny,Marval,Non-binary,SS
595,Frayda,Abbatini,Female,AF
596,Jori,Freeburn,Female,BR
597,Bentley,Cufley,Male,AU
598,Morris,Hess,Male,NP
599,Cathryn,Poole,Female,PR
600,Rocky,Tolle,Male,US
601,Elsa,Jurs,Female,US
602,Kylynn,Reedshaw,Female,US
603,Forrest,Skeats,Male,SE
604,Dynah,Northway,Female,PF
605,Georgeanne,Capner,Female,US
606,Lyndel,Broszkiewicz,Female,PG
607,Drew,Marie,Male,BF
608,Mirabella,Pinke,Female,GP
609,Nerti,Grolle,Female,MR
610,Belinda,Eyckel,Female,SK
611,Thomasa,Kendrick,Female,MH
612,Rutherford,Mountney,Male,ID
613,Alick,Jeyness,Male,AU
614,Gianni,Grishaev,Male,LK
615,Lockwood,Cleary,Male,GT
616,Letitia,Rosebotham,Female,AR
617,Terry,Gormley,Male,CF
618,Sharron,Dedman,Female,AU
619,Timoteo,Cluff,Male,MA
620,Rozanne,Cuddihy,Female,MZ
621,Madelle,Bertholin,Female,BS
622,Barret,Eccles,Male,CA
623,Sissie,Kleinpeltz,Bigender,KE
624,Gav,Tedstone,Male,PK
625,Sissie,Antowski,Female,US
626,Sheelagh,Semrad,Female,CD
627,Elaine,Hearse,Female,AR
628,Nesta,McChesney,Female,TZ
629,Gwendolin,Lightollers,Female,US
630,Everett,Manolov,Male,AU
631,Ely,Leve,Male,JP
632,Edmund,Shipston,Male,KZ
633,Joana,Osgar,Female,ID
634,Pooh,MacSharry,Female,ZW
635,Bernadene,Hartup,Female,ID
636,Harper,Shilito,Male,PG
637,Napoleon,Grishenkov,Male,US
638,Liana,Canadas,Female,LR
639,Weston,Stannett,Male,YE
640,Roderich,Fauguel,Male,BS
641,Rockie,Formby,Male,CI
642,Derward,Hamner,Male,IT
643,Brady,Ankers,Male,BS
644,Amerigo,Bogies,Male,NZ
645,Katinka,Trathen,Female,MX
646,Erhard,Gibard,Genderfluid,MX
647,Boycie,Bletsoe,Male,SB
648,Pauletta,Chetham,Female,PG
649,Bogey,Siggery,Male,CA
650,Martainn,Swatridge,Male,GT
651,Lizzie,Shoebotham,Female,TN
652,Gabriell,Shiel,Female,US
653,Phelia,La Padula,Female,DE
654,Nicolais,Labba,Male,BR
655,Davide,Beecroft,Male,NP
656,Sherwood,Assaf,Male,PG
657,Lucine,McGarel,Female,US
658,Palm,Hawkridge,Male,FI
659,Tannie,Peotz,Male,MX
660,Steffi,Brearley,Female,NZ
661,Brander,Pegg,Male,PG
662,Forester,Barti,Male,PF
663,Asa,Werny,Male,PT
664,Karena,McGeady,Female,ET
665,Edeline,Jeffryes,Female,SA
666,Woodrow,Frail,Male,US
667,Kissie,Aspey,Female,MM
668,Tam,Hathaway,Male,US
669,Etienne,Pendreigh,Male,MA
670,Pat,Goley,Male,US
671,Jason,Danielsson,Male,US
672,Aubrey,Frane,Male,MY
673,Janene,Flagg,Female,ID
674,Ludovico,Edlyn,Male,GL
675,Bart,Clemintoni,Male,US
676,Patric,Herrero,Male,CA
677,Trish,Olsson,Female,MG
678,Teddie,Ineson,Female,US
679,Dollie,Doncom,Female,US
680,Nealy,Killiam,Male,US
681,Ewart,Barbie,Male,AR
682,Genia,Greenham,Female,BR
683,Ettie,Soppett,Female,DE
684,Ellene,Faragan,Female,JP
685,Grove,McVee,Male,PF
686,Vincenz,Mowlam,Male,US
687,Nadine,Patmore,Female,US
688,Nell,Shropsheir,Female,EC
689,Broderick,Talby,Male,AU
690,Spike,Danilin,Male,KE
691,Vittoria,Lidgey,Female,AU
692,Arlin,Syddall,Male,CA
693,Stearn,Goscomb,Male,US
694,Henrietta,Carlisso,Female,AU
695,Theodore,MacEntee,Male,AU
696,Amaleta,Light,Female,IR
697,Jerome,Calleran,Male,CO
698,Ellerey,Rayne,Male,AU
699,Tonia,Balentyne,Female,CA
700,Dennison,Lockitt,Male,AU
701,Anastasia,Lorenz,Female,MH
702,Gardy,Axford,Male,BR
703,Guenna,Bordone,Female,CA
704,Mureil,Debell,Female,KZ
705,Cristine,Gyse,Female,PG
706,Sheelah,Wais,Female,AR
707,Ilse,Greatrex,Female,CA
708,Orrin,Braznell,Male,CN
709,Phyllis,Clayhill,Female,GE
710,Lyssa,Leggate,Female,AU
711,Mabel,Vasilik,Female,ZA
712,Blane,McGebenay,Male,ID
713,Silvanus,Dowey,Male,GY
714,Benjamen,Atmore,Male,PH
715,Lorry,Sandels,Male,US
716,Nickola,Oven,Male,US
717,Kristos,Bensen,Male,GR
718,Patrizius,Binge,Male,TN
719,Marjie,Tours,Female,MX
720,Barry,Dinsey,Female,PE
721,Peyter,Jeschner,Male,MY
722,Egon,Kaaskooper,Male,AU
723,Portie,Jullian,Male,BW
724,Nessi,Guisot,Female,AU
725,Katerine,Ettels,Female,PG
726,Gunner,Traske,Bigender,UG
727,Ardis,Peirone,Female,IN
728,Gibbie,Jacke,Male,US
729,Noble,Belhomme,Male,PG
730,Terri,Mc Dermid,Male,HN
731,Lazare,Caines,Male,IN
732,Jerrilyn,Growgane,Female,GB
733,Fitz,Cornil,Male,ML
734,Selena,Greves,Female,GA
735,Broderic,Brownlee,Polygender,UA
736,Babbette,Ticic,Female,ID
737,Hadleigh,Alder,Agender,US
738,Mady,Gooke,Genderqueer,PH
739,Hart,Sizey,Male,LK
740,Juliette,Scantleberry,Female,ZM
741,Glynnis,Copsey,Polygender,YE
742,Layne,Bomb,Female,US
743,Ezekiel,Guly,Male,US
744,Derwin,Cancellieri,Male,CN
745,Priscella,Grishakin,Genderfluid,PE
746,Norry,Tamas,Male,IN
747,Adair,Portwaine,Male,MX
748,Yolane,Reynoldson,Non-binary,GY
749,Nealon,Hablot,Male,US
750,Shayna,Rylett,Female,ID
751,Aindrea,Keers,Female,IE
752,Virgilio,Rounce,Male,FR
753,Karlotte,Powys,Female,CA
754,Beck,Cuschieri,Male,CA
755,Elena,Pedwell,Agender,IR
756,Stacia,Souch,Female,CA
757,Lazar,Pounder,Male,AU
758,Eb,Potapczuk,Male,FR
759,Farlee,Tomalin,Male,BR
760,Hugibert,Lehrahan,Male,CA
761,Thomasin,Poytheras,Non-binary,BD
762,Amery,Neillans,Male,MM
763,Joni,Casbourne,Female,ID
764,Vasili,Theodore,Male,MX
765,Howie,Swansborough,Male,US
766,Netti,Peaddie,Female,US
767,Marchall,Schust,Male,US
768,Ulrike,Finlry,Female,EG
769,Kaitlyn,Mahaddy,Female,IN
770,Kendal,Wateridge,Male,US
771,Brana,Records,Female,US
772,Charity,Jacombs,Female,GB
773,Jandy,Gisbourn,Female,MR
774,Errol,Benois,Male,US
775,Trey,Pearcy,Male,PG
776,Josias,Titchard,Male,AU
777,Bing,Heitz,Male,US
778,Walton,Kelland,Male,SR
779,Lindsay,Toppas,Male,US
780,Glen,Baudet,Female,PG
781,Spike,Lintill,Male,PE
782,Frankie,Zamorrano,Female,BR
783,Mikaela,Chyuerton,Female,ID
784,Libby,Leachman,Female,US
785,Vania,Welburn,Female,CA
786,Jon,Bache,Agender,SL
787,Querida,McGinlay,Female,ZA
788,Cori,Hayhoe,Female,MY
789,Inigo,Pyle,Male,PG
790,Mari,Preston,Female,CA
791,Tyson,Britney,Male,SB
792,Freddie,Allchorne,Male,US
793,Iosep,Curnok,Male,BR
794,Gnni,Coulthurst,Female,PG
795,Filberte,Kenner,Male,NO
796,Noll,Klishin,Male,BR
797,Bonni,Molineux,Female,US
798,Hewe,Soda,Male,CN
799,Ev,Labern,Male,CN
800,Helene,Champneys,Female,MA
801,Timmy,Chinnock,Male,GG
802,Brenna,Kuhlen,Genderfluid,KE
803,Jephthah,Lythgoe,Male,IR
804,Michelle,Casaccio,Female,DZ
805,Nickolai,Dowda,Male,RU
806,Kaleb,Shoobridge,Male,US
807,Willey,Reaney,Genderqueer,CA
808,Dulcine,Riche,Female,KE
809,Oralia,Willcott,Female,US
810,Layton,Shewan,Male,KE
811,Nerte,Kemmish,Female,CD
812,Valentino,Ludlow,Male,CO
813,Barron,MacAulay,Male,IQ
814,Genni,Dimitriades,Female,ID
815,Cybill,Hocking,Female,AI
816,Lyndell,Petracci,Female,CA
817,Fionna,Kunkler,Female,MX
818,Rosalia,McAnellye,Female,AE
819,Annelise,Nelthrop,Female,US
820,Neron,Bramham,Male,US
821,Calla,Calleran,Female,US
822,Thomasine,Ogles,Female,MX
823,Moll,Zamorano,Female,GT
824,Phaidra,Stratford,Female,FJ
825,Cheston,Janning,Male,CK
826,Langston,Aikenhead,Male,US
827,Godard,Meacher,Male,MX
828,Cy,Holleran,Male,MM
829,Romonda,Iorizzi,Female,UA
830,Kaye,Cuttell,Female,CU
831,Woodman,Ellerington,Male,US
832,Mirna,Dallow,Female,NG
833,Liva,Stansbie,Female,ZA
834,Theadora,Hawgood,Female,NZ
835,Jan,Shakspeare,Female,TR
836,Ninetta,Duprey,Female,TN
837,Madelle,Ugolotti,Female,IR
838,Franchot,Shiels,Male,DE
839,Jere,Polendine,Male,CA
840,Ambros,Parnell,Genderqueer,US
841,Andrea,Gullifant,Male,US
842,Pamella,Cozins,Female,CN
843,Bear,Daveren,Male,US
844,Terrye,Cobon,Female,PG
845,Neddie,Athowe,Male,US
846,Stacy,Jerome,Male,US
847,Trent,Wooff,Genderfluid,US
848,Web,Crichley,Male,US
849,Annmaria,Hornig,Female,TT
850,Sherwynd,Merfin,Male,US
851,Nonnah,Kumar,Female,RU
852,Katey,Normanville,Female,PA
853,Terrill,Binham,Male,US
854,Olympia,Tullett,Female,US
855,Kassia,McKeating,Female,US
856,Farah,Boulder,Female,US
857,Fina,Decreuze,Female,US
858,Francisco,Blind,Male,CM
859,Willyt,Scranedge,Female,PG
860,Levey,Leeman,Male,BR
861,Ruddie,Franklen,Male,PK
862,Hadley,Fend,Male,PG
863,Idelle,Norvell,Female,US
864,Chane,Shimwall,Male,ML
865,James,Chastang,Male,US
866,Trish,Gurko,Female,TD
867,Hugo,Leddie,Male,GR
868,Freddie,Kwietak,Female,NA
869,Tadio,Biffen,Male,CM
870,Alexandr,Archdeacon,Male,PG
871,Jdavie,Wornham,Male,AT
872,Susie,Benning,Female,DE
873,Dorothee,Brasner,Female,MX
874,Rickie,Newcom,Male,AU
875,Idette,Whotton,Non-binary,IS
876,Adelheid,Southernwood,Female,MQ
877,Dorene,Miko,Agender,CO
878,Ana,Giriardelli,Female,AU
879,Gene,Grishin,Male,CA
880,Bevin,Gagan,Male,ID
881,Kristien,Godbehere,Female,CO
882,Cristionna,Verriour,Female,MG
883,Aron,Prium,Male,US
884,Aylmar,Blacklawe,Male,US
885,Bernard,Klass,Male,CR
886,Zitella,Glencros,Female,UZ
887,Moses,Bigglestone,Male,US
888,Terry,Keiley,Male,SB
889,May,Berndsen,Female,EC
890,Baxie,MacBean,Male,CO
891,Flinn,Lindeman,Polygender,VN
892,Lorine,Rowth,Polygender,PR
893,Larina,Olfert,Genderfluid,OM
894,Guthrie,Arndt,Male,BF
895,Fidel,Cough,Male,RU
896,Arin,Abrashkov,Male,CG
897,Dud,Alliott,Male,CA
898,Blaire,Cowden,Female,VE
899,Zorina,Croxon,Female,IQ
900,Kiley,Benedetti,Male,CK
901,Kerri,Camosso,Female,FR
902,Noe,Ruppel,Male,UA
903,Erina,Metheringham,Female,MG
904,Erda,Halworth,Non-binary,US
905,Marta,Dyvoy,Female,US
906,Xever,Birkbeck,Male,SO
907,Angie,Whitford,Male,AR
908,Gardy,Cadany,Male,US
909,Enoch,Schimonek,Male,MZ
910,Harli,Liggins,Female,IT
911,Friedrich,Lorne,Genderfluid,CA
912,Bobbette,MacGorrie,Non-binary,HN
913,Ganny,Crewther,Male,YE
914,Saundra,Pedroni,Male,US
915,Baily,Loisi,Male,CA
916,Estevan,Pavese,Male,AU
917,Crystie,Hlavecek,Female,CR
918,Mercedes,Porter,Female,GR
919,Fan,Gypson,Female,MY
920,Jaymee,Raycroft,Female,FJ
921,Mildred,Boater,Female,MY
922,Barth,Jerok,Male,US
923,Chev,Ace,Male,US
924,Devina,Cropton,Genderqueer,CN
925,Morna,Maddyson,Female,ZA
926,Dorette,Portlock,Female,US
927,Hazlett,Trevan,Male,ID
928,Rosita,Nolda,Female,CZ
929,Nathalia,Cammell,Female,BF
930,Lorenza,Alans,Female,US
931,Tiertza,Adshed,Female,AO
932,Blair,Jakubczyk,Male,CN
933,Wendell,Jack,Male,MX
934,Sayers,Hunstone,Male,GB
935,Sal,Grasner,Female,ET
936,Milton,Baudins,Male,ZA
937,Raynard,Wynn,Male,CH
938,Ardys,Worsnup,Female,MV
939,Hortense,Bailiss,Female,US
940,Bobbette,Ricardin,Female,ET
941,Alysa,Maving,Female,US
942,Aldo,Keen,Male,PR
943,Jocelyn,Westley,Female,YE
944,Garrett,Henrych,Male,CN
945,Leanora,Danett,Female,VE
946,Latrina,Lukas,Female,US
947,Brittni,Shinner,Female,CR
948,Crissie,Mation,Female,ES
949,Paulie,Huertas,Female,TW
950,Osborne, Culligan,Male,NO
951,Tobye,Iorns,Female,ID
952,Xenia,Mingardi,Agender,US
953,Boycey,Dayborne,Male,IS
954,Demetris,McGinty,Female,UY
955,Demott,Elcock,Male,MY
956,Alyda,Churchward,Female,US
957,Roth,Golly,Male,SO
958,Lazarus,Casin,Male,BO
959,Jamal,Styan,Genderfluid,CA
960,Feliza,Bamforth,Female,CU
961,Isidro,Caulfield,Male,KR
962,Lynnelle,Rizzini,Female,US
963,Wilbert,Northley,Genderqueer,US
964,Eleanor,Polsin,Female,NO
965,Garrik,Crolla,Male,AF
966,Raynard,Buffery,Male,MG
967,Hyacinthia,Fallone,Female,IN
968,Emory,Foskew,Male,CN
969,Roderigo,Mosey,Male,MX
970,Mollie,Kislingbury,Female,AO
971,Lelia,Sponer,Female,BR
972,Sonia,Roberti,Genderfluid,ID
973,Myles,Wardel,Genderqueer,US
974,Rance,Ingarfill,Male,CM
975,Rocky,Goulston,Male,EC
976,Quintin,Castanyer,Male,CN
977,Bengt,Saville,Male,PG
978,Karl,Ubsdell,Bigender,PG
979,Meridel,Stobbart,Female,CU
980,Hector,MacGarrity,Male,DZ
981,Muhammad,Weldrick,Male,CN
982,Odilia,Coole,Female,CD
983,Babb,Stalman,Female,MG
984,Bernhard,Douris,Male,US
985,Rozanna,Rivalland,Female,LS
986,Reg,Horrell,Male,AL
987,Bartlet,Buttner,Male,LK
988,Alwyn,Betje,Male,US
989,Sheryl,Navarijo,Female,CX
990,Prentiss,Gledhill,Male,US
991,Man,Kropach,Male,CO
992,Binky,Antoniottii,Male,FR
993,Basilius,Boggon,Male,US
994,Rem,Kiessel,Genderqueer,CA
995,Renaud,Foystone,Male,US
996,Lodovico,Druitt,Genderqueer,HU
997,Beckie,Veronique,Female,US
998,Yoshi,Stobbe,Female,CA
999,Barbey,Dericot,Female,MG
1000,Danyette,Baddoe,Female,MG
